Case_ID,Age,Sex,Occupational_Load,Comorbidity_DM,Mechanism,Primary_Region,Soft_Tissue_Depth,Fracture_Severity,Highest_Intervention,Complication,Target_Days,Legal_Bracket
1,32,1,3,0,1,1,2,2,2,0,18,2
2,24,0,1,0,1,5,1,0,0,0,5,1
3,58,1,2,1,3,6,3,3,3,1,90,3
4,19,1,3,0,2,5,3,0,3,0,35,3
5,55,1,3,0,4,2,2,1,1,1,6,1
6,89,0,1,0,5,3,3,1,2,0,30,3
7,83,1,2,1,3,4,3,2,3,1,120,3
8,95,1,3,0,1,1,2,2,2,0,18,2
9,49,1,3,0,1,5,1,0,0,0,5,1
10,81,0,1,1,3,6,3,3,3,1,90,3
11,59,1,2,0,2,5,3,0,3,0,35,3
12,66,1,3,0,4,2,2,1,1,1,6,1
13,22,1,3,1,5,3,3,1,2,0,30,3
14,17,0,1,0,3,4,3,2,3,1,120,3
15,38,1,2,0,1,1,2,2,2,0,18,2
16,29,1,3,1,1,5,1,0,0,0,5,1
17,78,1,3,0,3,6,3,3,3,1,90,3
18,38,0,1,0,2,5,3,0,3,0,35,3
19,86,1,2,1,4,2,2,1,1,1,6,1
20,29,1,3,0,5,3,3,1,2,0,30,3
21,51,1,3,0,3,4,3,2,3,1,120,3
22,3,0,1,1,1,1,2,2,2,0,18,2
23,40,1,2,0,1,5,1,0,0,0,5,1
24,58,1,3,0,3,6,3,3,3,1,90,3
25,43,1,3,1,2,5,3,0,3,0,35,3
26,26,0,1,0,4,2,2,1,1,1,6,1
27,10,1,2,0,5,3,3,1,2,0,30,3
28,44,1,3,1,3,4,3,2,3,1,120,3
29,8,1,3,0,1,1,2,2,2,0,18,2
30,28,0,1,0,1,5,1,0,0,0,5,1
31,57,1,2,1,3,6,3,3,3,1,90,3
32,16,1,3,0,2,5,3,0,3,0,35,3
33,18,1,3,0,4,2,2,1,1,1,6,1
34,93,0,1,1,5,3,3,1,2,0,30,3
35,41,1,2,0,3,4,3,2,3,1,120,3
36,14,1,3,0,1,1,2,2,2,0,18,2
37,78,1,3,1,1,5,1,0,0,0,5,1
38,69,0,1,0,3,6,3,3,3,1,90,3
39,38,1,2,0,2,5,3,0,3,0,35,3
40,15,1,3,1,4,2,2,1,1,1,6,1
41,85,1,3,0,5,3,3,1,2,0,30,3
42,89,0,1,0,3,4,3,2,3,1,120,3
43,19,1,2,1,1,1,2,2,2,0,18,2
44,82,1,3,0,1,5,1,0,0,0,5,1
45,100,1,3,0,3,6,3,3,3,1,90,3
46,35,0,1,1,2,5,3,0,3,0,35,3
47,13,1,2,0,4,2,2,1,1,1,6,1
48,58,1,3,0,5,3,3,1,2,0,30,3
49,74,1,3,1,3,4,3,2,3,1,120,3
50,42,0,1,0,1,1,2,2,2,0,18,2
51,48,1,2,0,1,5,1,0,0,0,5,1
52,38,1,3,1,3,6,3,3,3,1,90,3
53,63,1,3,0,2,5,3,0,3,0,35,3
54,21,0,1,0,4,2,2,1,1,1,6,1
55,24,1,2,1,5,3,3,1,2,0,30,3
56,37,1,3,0,3,4,3,2,3,1,120,3
57,95,1,3,0,1,1,2,2,2,0,18,2
58,67,0,1,1,1,5,1,0,0,0,5,1
59,49,1,2,0,3,6,3,3,3,1,90,3
60,2,1,3,0,2,5,3,0,3,0,35,3
61,0,1,3,1,4,2,2,1,1,1,6,1
62,96,0,1,0,5,3,3,1,2,0,30,3
63,13,1,2,0,3,4,3,2,3,1,120,3
64,99,1,3,1,1,1,2,2,2,0,18,2
65,32,1,3,0,1,5,1,0,0,0,5,1
66,34,0,1,0,3,6,3,3,3,1,90,3
67,87,1,2,1,2,5,3,0,3,0,35,3
68,72,1,3,0,4,2,2,1,1,1,6,1
69,48,1,3,0,5,3,3,1,2,0,30,3
70,3,0,1,1,3,4,3,2,3,1,120,3
71,64,1,2,0,1,1,2,2,2,0,18,2
72,94,1,3,0,1,5,1,0,0,0,5,1
73,71,1,3,1,3,6,3,3,3,1,90,3
74,87,0,1,0,2,5,3,0,3,0,35,3
75,76,1,2,0,4,2,2,1,1,1,6,1
76,88,1,3,1,5,3,3,1,2,0,30,3
77,71,1,3,0,3,4,3,2,3,1,120,3
78,42,0,1,0,1,1,2,2,2,0,18,2
79,89,1,2,1,1,5,1,0,0,0,5,1
80,51,1,3,0,3,6,3,3,3,1,90,3
81,78,1,3,0,2,5,3,0,3,0,35,3
82,99,0,1,1,4,2,2,1,1,1,6,1
83,51,1,2,0,5,3,3,1,2,0,30,3
84,35,1,3,0,3,4,3,2,3,1,120,3
85,68,1,3,1,1,1,2,2,2,0,18,2
86,56,0,1,0,1,5,1,0,0,0,5,1
87,84,1,2,0,3,6,3,3,3,1,90,3
88,45,1,3,1,2,5,3,0,3,0,35,3
89,38,1,3,0,4,2,2,1,1,1,6,1
90,92,0,1,0,5,3,3,1,2,0,30,3
91,71,1,2,1,3,4,3,2,3,1,120,3
92,96,1,3,0,1,1,2,2,2,0,18,2
93,1,1,3,0,1,5,1,0,0,0,5,1
94,44,0,1,1,3,6,3,3,3,1,90,3
95,11,1,2,0,2,5,3,0,3,0,35,3
96,48,1,3,0,4,2,2,1,1,1,6,1
97,47,1,3,1,5,3,3,1,2,0,30,3
98,64,0,1,0,3,4,3,2,3,1,120,3
99,97,1,2,0,1,1,2,2,2,0,18,2
100,34,1,3,1,1,5,1,0,0,0,5,1
101,23,1,3,0,3,6,3,3,3,1,90,3
102,70,0,1,0,2,5,3,0,3,0,35,3
103,72,1,2,1,4,2,2,1,1,1,6,1
104,81,1,3,0,5,3,3,1,2,0,30,3
105,95,1,3,0,3,4,3,2,3,1,120,3
106,99,0,1,1,1,1,2,2,2,0,18,2
107,40,1,2,0,1,5,1,0,0,0,5,1
108,41,1,3,0,3,6,3,3,3,1,90,3
109,89,1,3,1,2,5,3,0,3,0,35,3
110,52,0,1,0,4,2,2,1,1,1,6,1
111,83,1,2,0,5,3,3,1,2,0,30,3
112,99,1,3,1,3,4,3,2,3,1,120,3
113,91,1,3,0,1,1,2,2,2,0,18,2
114,59,0,1,0,1,5,1,0,0,0,5,1
115,91,1,2,1,3,6,3,3,3,1,90,3
116,9,1,3,0,2,5,3,0,3,0,35,3
117,82,1,3,0,4,2,2,1,1,1,6,1
118,33,0,1,1,5,3,3,1,2,0,30,3
119,71,1,2,0,3,4,3,2,3,1,120,3
120,92,1,3,0,1,1,2,2,2,0,18,2
121,20,1,3,1,1,5,1,0,0,0,5,1
122,74,0,1,0,3,6,3,3,3,1,90,3
123,74,1,2,0,2,5,3,0,3,0,35,3
124,2,1,3,1,4,2,2,1,1,1,6,1
125,89,1,3,0,5,3,3,1,2,0,30,3
126,78,0,1,0,3,4,3,2,3,1,120,3
127,46,1,2,1,1,1,2,2,2,0,18,2
128,74,1,3,0,1,5,1,0,0,0,5,1
129,27,1,3,0,3,6,3,3,3,1,90,3
130,78,0,1,1,2,5,3,0,3,0,35,3
131,78,1,2,0,4,2,2,1,1,1,6,1
132,20,1,3,0,5,3,3,1,2,0,30,3
133,92,1,3,1,3,4,3,2,3,1,120,3
134,49,0,1,0,1,1,2,2,2,0,18,2
135,18,1,2,0,1,5,1,0,0,0,5,1
136,89,1,3,1,3,6,3,3,3,1,90,3
137,75,1,3,0,2,5,3,0,3,0,35,3
138,76,0,1,0,4,2,2,1,1,1,6,1
139,62,1,2,1,5,3,3,1,2,0,30,3
140,10,1,3,0,3,4,3,2,3,1,120,3
141,84,1,3,0,1,1,2,2,2,0,18,2
142,49,0,1,1,1,5,1,0,0,0,5,1
143,66,1,2,0,3,6,3,3,3,1,90,3
144,75,1,3,0,2,5,3,0,3,0,35,3
145,13,1,3,1,4,2,2,1,1,1,6,1
146,20,0,1,0,5,3,3,1,2,0,30,3
147,44,1,2,0,3,4,3,2,3,1,120,3
148,42,1,3,1,1,1,2,2,2,0,18,2
149,13,1,3,0,1,5,1,0,0,0,5,1
150,45,0,1,0,3,6,3,3,3,1,90,3
151,82,1,2,1,2,5,3,0,3,0,35,3
152,40,1,3,0,4,2,2,1,1,1,6,1
153,66,1,3,0,5,3,3,1,2,0,30,3
154,26,0,1,1,3,4,3,2,3,1,120,3
155,10,1,2,0,1,1,2,2,2,0,18,2
156,62,1,3,0,1,5,1,0,0,0,5,1
157,8,1,3,1,3,6,3,3,3,1,90,3
158,96,0,1,0,2,5,3,0,3,0,35,3
159,38,1,2,0,4,2,2,1,1,1,6,1
160,55,1,3,1,5,3,3,1,2,0,30,3
161,7,1,3,0,3,4,3,2,3,1,120,3
162,87,0,1,0,1,1,2,2,2,0,18,2
163,8,1,2,1,1,5,1,0,0,0,5,1
164,4,1,3,0,3,6,3,3,3,1,90,3
165,54,1,3,0,2,5,3,0,3,0,35,3
166,56,0,1,1,4,2,2,1,1,1,6,1
167,53,1,2,0,5,3,3,1,2,0,30,3
168,73,1,3,0,3,4,3,2,3,1,120,3
169,8,1,3,1,1,1,2,2,2,0,18,2
170,34,0,1,0,1,5,1,0,0,0,5,1
171,19,1,2,0,3,6,3,3,3,1,90,3
172,1,1,3,1,2,5,3,0,3,0,35,3
173,0,1,3,0,4,2,2,1,1,1,6,1
174,30,0,1,0,5,3,3,1,2,0,30,3
175,64,1,2,1,3,4,3,2,3,1,120,3
176,13,1,3,0,1,1,2,2,2,0,18,2
177,48,1,3,0,1,5,1,0,0,0,5,1
178,68,0,1,1,3,6,3,3,3,1,90,3
179,2,1,2,0,2,5,3,0,3,0,35,3
180,37,1,3,0,4,2,2,1,1,1,6,1
181,46,1,3,1,5,3,3,1,2,0,30,3
182,98,0,1,0,3,4,3,2,3,1,120,3
183,20,1,2,0,1,1,2,2,2,0,18,2
184,86,1,3,1,1,5,1,0,0,0,5,1
185,42,1,3,0,3,6,3,3,3,1,90,3
186,57,0,1,0,2,5,3,0,3,0,35,3
187,78,1,2,1,4,2,2,1,1,1,6,1
188,34,1,3,0,5,3,3,1,2,0,30,3
189,13,1,3,0,3,4,3,2,3,1,120,3
190,37,0,1,1,1,1,2,2,2,0,18,2
191,54,1,2,0,1,5,1,0,0,0,5,1
192,35,1,3,0,3,6,3,3,3,1,90,3
193,19,1,3,1,2,5,3,0,3,0,35,3
194,73,0,1,0,4,2,2,1,1,1,6,1
195,84,1,2,0,5,3,3,1,2,0,30,3
196,62,1,3,1,3,4,3,2,3,1,120,3
197,9,1,3,0,1,1,2,2,2,0,18,2
198,6,0,1,0,1,5,1,0,0,0,5,1
199,5,1,2,1,3,6,3,3,3,1,90,3
200,26,1,3,0,2,5,3,0,3,0,35,3
201,53,1,3,0,4,2,2,1,1,1,6,1
202,18,0,1,1,5,3,3,1,2,0,30,3
203,13,1,2,0,3,4,3,2,3,1,120,3
204,13,1,3,0,1,1,2,2,2,0,18,2
205,46,1,3,1,1,5,1,0,0,0,5,1
206,71,0,1,0,3,6,3,3,3,1,90,3
207,97,1,2,0,2,5,3,0,3,0,35,3
208,17,1,3,1,4,2,2,1,1,1,6,1
209,39,1,3,0,5,3,3,1,2,0,30,3
210,53,0,1,0,3,4,3,2,3,1,120,3
211,34,1,2,1,1,1,2,2,2,0,18,2
212,84,1,3,0,1,5,1,0,0,0,5,1
213,57,1,3,0,3,6,3,3,3,1,90,3
214,84,0,1,1,2,5,3,0,3,0,35,3
215,87,1,2,0,4,2,2,1,1,1,6,1
216,75,1,3,0,5,3,3,1,2,0,30,3
217,49,1,3,1,3,4,3,2,3,1,120,3
218,45,0,1,0,1,1,2,2,2,0,18,2
219,43,1,2,0,1,5,1,0,0,0,5,1
220,52,1,3,1,3,6,3,3,3,1,90,3
221,37,1,3,0,2,5,3,0,3,0,35,3
222,61,0,1,0,4,2,2,1,1,1,6,1
223,54,1,2,1,5,3,3,1,2,0,30,3
224,34,1,3,0,3,4,3,2,3,1,120,3
225,32,1,3,0,1,1,2,2,2,0,18,2
226,75,0,1,1,1,5,1,0,0,0,5,1
227,92,1,2,0,3,6,3,3,3,1,90,3
228,40,1,3,0,2,5,3,0,3,0,35,3
229,93,1,3,1,4,2,2,1,1,1,6,1
230,96,0,1,0,5,3,3,1,2,0,30,3
231,78,1,2,0,3,4,3,2,3,1,120,3
232,5,1,3,1,1,1,2,2,2,0,18,2
233,32,1,3,0,1,5,1,0,0,0,5,1
234,87,0,1,0,3,6,3,3,3,1,90,3
235,5,1,2,1,2,5,3,0,3,0,35,3
236,12,1,3,0,4,2,2,1,1,1,6,1
237,78,1,3,0,5,3,3,1,2,0,30,3
238,17,0,1,1,3,4,3,2,3,1,120,3
239,30,1,2,0,1,1,2,2,2,0,18,2
240,88,1,3,0,1,5,1,0,0,0,5,1
241,28,1,3,1,3,6,3,3,3,1,90,3
242,79,0,1,0,2,5,3,0,3,0,35,3
243,71,1,2,0,4,2,2,1,1,1,6,1
244,38,1,3,1,5,3,3,1,2,0,30,3
245,51,1,3,0,3,4,3,2,3,1,120,3
246,82,0,1,0,1,1,2,2,2,0,18,2
247,94,1,2,1,1,5,1,0,0,0,5,1
248,39,1,3,0,3,6,3,3,3,1,90,3
249,36,1,3,0,2,5,3,0,3,0,35,3
250,38,0,1,1,4,2,2,1,1,1,6,1
251,76,1,2,0,5,3,3,1,2,0,30,3
252,16,1,3,0,3,4,3,2,3,1,120,3
253,88,1,3,1,1,1,2,2,2,0,18,2
254,54,0,1,0,1,5,1,0,0,0,5,1
255,58,1,2,0,3,6,3,3,3,1,90,3
256,99,1,3,1,2,5,3,0,3,0,35,3
257,32,1,3,0,4,2,2,1,1,1,6,1
258,92,0,1,0,5,3,3,1,2,0,30,3
259,11,1,2,1,3,4,3,2,3,1,120,3
260,54,1,3,0,1,1,2,2,2,0,18,2
261,22,1,3,0,1,5,1,0,0,0,5,1
262,15,0,1,1,3,6,3,3,3,1,90,3
263,75,1,2,0,2,5,3,0,3,0,35,3
264,82,1,3,0,4,2,2,1,1,1,6,1
265,58,1,3,1,5,3,3,1,2,0,30,3
266,35,0,1,0,3,4,3,2,3,1,120,3
267,68,1,2,0,1,1,2,2,2,0,18,2
268,35,1,3,1,1,5,1,0,0,0,5,1
269,9,1,3,0,3,6,3,3,3,1,90,3
270,3,0,1,0,2,5,3,0,3,0,35,3
271,64,1,2,1,4,2,2,1,1,1,6,1
272,83,1,3,0,5,3,3,1,2,0,30,3
273,40,1,3,0,3,4,3,2,3,1,120,3
274,25,0,1,1,1,1,2,2,2,0,18,2
275,17,1,2,0,1,5,1,0,0,0,5,1
276,28,1,3,0,3,6,3,3,3,1,90,3
277,26,1,3,1,2,5,3,0,3,0,35,3
278,77,0,1,0,4,2,2,1,1,1,6,1
279,2,1,2,0,5,3,3,1,2,0,30,3
280,57,1,3,1,3,4,3,2,3,1,120,3
281,45,1,3,0,1,1,2,2,2,0,18,2
282,80,0,1,0,1,5,1,0,0,0,5,1
283,21,1,2,1,3,6,3,3,3,1,90,3
284,7,1,3,0,2,5,3,0,3,0,35,3
285,64,1,3,0,4,2,2,1,1,1,6,1
286,56,0,1,1,5,3,3,1,2,0,30,3
287,46,1,2,0,3,4,3,2,3,1,120,3
288,67,1,3,0,1,1,2,2,2,0,18,2
289,14,1,3,1,1,5,1,0,0,0,5,1
290,20,0,1,0,3,6,3,3,3,1,90,3
291,31,1,2,0,2,5,3,0,3,0,35,3
292,7,1,3,1,4,2,2,1,1,1,6,1
293,70,1,3,0,5,3,3,1,2,0,30,3
294,81,0,1,0,3,4,3,2,3,1,120,3
295,58,1,2,1,1,1,2,2,2,0,18,2
296,13,1,3,0,1,5,1,0,0,0,5,1
297,88,1,3,0,3,6,3,3,3,1,90,3
298,22,0,1,1,2,5,3,0,3,0,35,3
299,66,1,2,0,4,2,2,1,1,1,6,1
300,19,1,3,0,5,3,3,1,2,0,30,3
301,35,1,3,1,3,4,3,2,3,1,120,3
302,89,0,1,0,1,1,2,2,2,0,18,2
303,37,1,2,0,1,5,1,0,0,0,5,1
304,92,1,3,1,3,6,3,3,3,1,90,3
305,96,1,3,0,2,5,3,0,3,0,35,3
306,90,0,1,0,4,2,2,1,1,1,6,1
307,87,1,2,1,5,3,3,1,2,0,30,3
308,94,1,3,0,3,4,3,2,3,1,120,3
309,55,1,3,0,1,1,2,2,2,0,18,2
310,9,0,1,1,1,5,1,0,0,0,5,1
311,89,1,2,0,3,6,3,3,3,1,90,3
312,40,1,3,0,2,5,3,0,3,0,35,3
313,68,1,3,1,4,2,2,1,1,1,6,1
314,64,0,1,0,5,3,3,1,2,0,30,3
315,90,1,2,0,3,4,3,2,3,1,120,3
316,29,1,3,1,1,1,2,2,2,0,18,2
317,0,1,3,0,1,5,1,0,0,0,5,1
318,16,0,1,0,3,6,3,3,3,1,90,3
319,75,1,2,1,2,5,3,0,3,0,35,3
320,59,1,3,0,4,2,2,1,1,1,6,1
321,3,1,3,0,5,3,3,1,2,0,30,3
322,4,0,1,1,3,4,3,2,3,1,120,3
323,4,1,2,0,1,1,2,2,2,0,18,2
324,40,1,3,0,1,5,1,0,0,0,5,1
325,65,1,3,1,3,6,3,3,3,1,90,3
326,99,0,1,0,2,5,3,0,3,0,35,3
327,15,1,2,0,4,2,2,1,1,1,6,1
328,44,1,3,1,5,3,3,1,2,0,30,3
329,2,1,3,0,3,4,3,2,3,1,120,3
330,39,0,1,0,1,1,2,2,2,0,18,2
331,62,1,2,1,1,5,1,0,0,0,5,1
332,51,1,3,0,3,6,3,3,3,1,90,3
333,95,1,3,0,2,5,3,0,3,0,35,3
334,31,0,1,1,4,2,2,1,1,1,6,1
335,60,1,2,0,5,3,3,1,2,0,30,3
336,49,1,3,0,3,4,3,2,3,1,120,3
337,42,1,3,1,1,1,2,2,2,0,18,2
338,63,0,1,0,1,5,1,0,0,0,5,1
339,64,1,2,0,3,6,3,3,3,1,90,3
340,45,1,3,1,2,5,3,0,3,0,35,3
341,5,1,3,0,4,2,2,1,1,1,6,1
342,46,0,1,0,5,3,3,1,2,0,30,3
343,33,1,2,1,3,4,3,2,3,1,120,3
344,46,1,3,0,1,1,2,2,2,0,18,2
345,47,1,3,0,1,5,1,0,0,0,5,1
346,4,0,1,1,3,6,3,3,3,1,90,3
347,77,1,2,0,2,5,3,0,3,0,35,3
348,72,1,3,0,4,2,2,1,1,1,6,1
349,35,1,3,1,5,3,3,1,2,0,30,3
350,71,0,1,0,3,4,3,2,3,1,120,3
351,23,1,2,0,1,1,2,2,2,0,18,2
352,99,1,3,1,1,5,1,0,0,0,5,1
353,7,1,3,0,3,6,3,3,3,1,90,3
354,23,0,1,0,2,5,3,0,3,0,35,3
355,20,1,2,1,4,2,2,1,1,1,6,1
356,99,1,3,0,5,3,3,1,2,0,30,3
357,21,1,3,0,3,4,3,2,3,1,120,3
358,50,0,1,1,1,1,2,2,2,0,18,2
359,71,1,2,0,1,5,1,0,0,0,5,1
360,31,1,3,0,3,6,3,3,3,1,90,3
361,7,1,3,1,2,5,3,0,3,0,35,3
362,100,0,1,0,4,2,2,1,1,1,6,1
363,44,1,2,0,5,3,3,1,2,0,30,3
364,45,1,3,1,3,4,3,2,3,1,120,3
365,54,1,3,0,1,1,2,2,2,0,18,2
366,72,0,1,0,1,5,1,0,0,0,5,1
367,75,1,2,1,3,6,3,3,3,1,90,3
368,54,1,3,0,2,5,3,0,3,0,35,3
369,9,1,3,0,4,2,2,1,1,1,6,1
370,14,0,1,1,5,3,3,1,2,0,30,3
371,92,1,2,0,3,4,3,2,3,1,120,3
372,39,1,3,0,1,1,2,2,2,0,18,2
373,71,1,3,1,1,5,1,0,0,0,5,1
374,82,0,1,0,3,6,3,3,3,1,90,3
375,33,1,2,0,2,5,3,0,3,0,35,3
376,17,1,3,1,4,2,2,1,1,1,6,1
377,87,1,3,0,5,3,3,1,2,0,30,3
378,39,0,1,0,3,4,3,2,3,1,120,3
379,2,1,2,1,1,1,2,2,2,0,18,2
380,2,1,3,0,1,5,1,0,0,0,5,1
381,8,1,3,0,3,6,3,3,3,1,90,3
382,48,0,1,1,2,5,3,0,3,0,35,3
383,67,1,2,0,4,2,2,1,1,1,6,1
384,58,1,3,0,5,3,3,1,2,0,30,3
385,80,1,3,1,3,4,3,2,3,1,120,3
386,97,0,1,0,1,1,2,2,2,0,18,2
387,1,1,2,0,1,5,1,0,0,0,5,1
388,34,1,3,1,3,6,3,3,3,1,90,3
389,81,1,3,0,2,5,3,0,3,0,35,3
390,98,0,1,0,4,2,2,1,1,1,6,1
391,6,1,2,1,5,3,3,1,2,0,30,3
392,88,1,3,0,3,4,3,2,3,1,120,3
393,62,1,3,0,1,1,2,2,2,0,18,2
394,51,0,1,1,1,5,1,0,0,0,5,1
395,81,1,2,0,3,6,3,3,3,1,90,3
396,48,1,3,0,2,5,3,0,3,0,35,3
397,2,1,3,1,4,2,2,1,1,1,6,1
398,57,0,1,0,5,3,3,1,2,0,30,3
399,37,1,2,0,3,4,3,2,3,1,120,3
400,38,1,3,1,1,1,2,2,2,0,18,2
401,4,1,3,0,1,5,1,0,0,0,5,1
402,20,0,1,0,3,6,3,3,3,1,90,3
403,79,1,2,1,2,5,3,0,3,0,35,3
404,95,1,3,0,4,2,2,1,1,1,6,1
405,41,1,3,0,5,3,3,1,2,0,30,3
406,60,0,1,1,3,4,3,2,3,1,120,3
407,43,1,2,0,1,1,2,2,2,0,18,2
408,37,1,3,0,1,5,1,0,0,0,5,1
409,91,1,3,1,3,6,3,3,3,1,90,3
410,57,0,1,0,2,5,3,0,3,0,35,3
411,81,1,2,0,4,2,2,1,1,1,6,1
412,76,1,3,1,5,3,3,1,2,0,30,3
413,73,1,3,0,3,4,3,2,3,1,120,3
414,95,0,1,0,1,1,2,2,2,0,18,2
415,69,1,2,1,1,5,1,0,0,0,5,1
416,19,1,3,0,3,6,3,3,3,1,90,3
417,29,1,3,0,2,5,3,0,3,0,35,3
418,18,0,1,1,4,2,2,1,1,1,6,1
419,26,1,2,0,5,3,3,1,2,0,30,3
420,17,1,3,0,3,4,3,2,3,1,120,3
421,96,1,3,1,1,1,2,2,2,0,18,2
422,23,0,1,0,1,5,1,0,0,0,5,1
423,13,1,2,0,3,6,3,3,3,1,90,3
424,68,1,3,1,2,5,3,0,3,0,35,3
425,36,1,3,0,4,2,2,1,1,1,6,1
426,10,0,1,0,5,3,3,1,2,0,30,3
427,5,1,2,1,3,4,3,2,3,1,120,3
428,64,1,3,0,1,1,2,2,2,0,18,2
429,95,1,3,0,1,5,1,0,0,0,5,1
430,75,0,1,1,3,6,3,3,3,1,90,3
431,24,1,2,0,2,5,3,0,3,0,35,3
432,36,1,3,0,4,2,2,1,1,1,6,1
433,11,1,3,1,5,3,3,1,2,0,30,3
434,5,0,1,0,3,4,3,2,3,1,120,3
435,39,1,2,0,1,1,2,2,2,0,18,2
436,29,1,3,1,1,5,1,0,0,0,5,1
437,79,1,3,0,3,6,3,3,3,1,90,3
438,17,0,1,0,2,5,3,0,3,0,35,3
439,37,1,2,1,4,2,2,1,1,1,6,1
440,22,1,3,0,5,3,3,1,2,0,30,3
441,35,1,3,0,3,4,3,2,3,1,120,3
442,50,0,1,1,1,1,2,2,2,0,18,2
443,11,1,2,0,1,5,1,0,0,0,5,1
444,85,1,3,0,3,6,3,3,3,1,90,3
445,47,1,3,1,2,5,3,0,3,0,35,3
446,35,0,1,0,4,2,2,1,1,1,6,1
447,2,1,2,0,5,3,3,1,2,0,30,3
448,73,1,3,1,3,4,3,2,3,1,120,3
449,29,1,3,0,1,1,2,2,2,0,18,2
450,10,0,1,0,1,5,1,0,0,0,5,1
451,84,1,2,1,3,6,3,3,3,1,90,3
452,93,1,3,0,2,5,3,0,3,0,35,3
453,26,1,3,0,4,2,2,1,1,1,6,1
454,90,0,1,1,5,3,3,1,2,0,30,3
455,73,1,2,0,3,4,3,2,3,1,120,3
456,54,1,3,0,1,1,2,2,2,0,18,2
457,81,1,3,1,1,5,1,0,0,0,5,1
458,33,0,1,0,3,6,3,3,3,1,90,3
459,12,1,2,0,2,5,3,0,3,0,35,3
460,8,1,3,1,4,2,2,1,1,1,6,1
461,2,1,3,0,5,3,3,1,2,0,30,3
462,28,0,1,0,3,4,3,2,3,1,120,3
463,66,1,2,1,1,1,2,2,2,0,18,2
464,99,1,3,0,1,5,1,0,0,0,5,1
465,32,1,3,0,3,6,3,3,3,1,90,3
466,10,0,1,1,2,5,3,0,3,0,35,3
467,49,1,2,0,4,2,2,1,1,1,6,1
468,5,1,3,0,5,3,3,1,2,0,30,3
469,44,1,3,1,3,4,3,2,3,1,120,3
470,61,0,1,0,1,1,2,2,2,0,18,2
471,1,1,2,0,1,5,1,0,0,0,5,1
472,32,1,3,1,3,6,3,3,3,1,90,3
473,52,1,3,0,2,5,3,0,3,0,35,3
474,81,0,1,0,4,2,2,1,1,1,6,1
475,95,1,2,1,5,3,3,1,2,0,30,3
476,12,1,3,0,3,4,3,2,3,1,120,3
477,76,1,3,0,1,1,2,2,2,0,18,2
478,45,0,1,1,1,5,1,0,0,0,5,1
479,94,1,2,0,3,6,3,3,3,1,90,3
480,35,1,3,0,2,5,3,0,3,0,35,3
481,70,1,3,1,4,2,2,1,1,1,6,1
482,6,0,1,0,5,3,3,1,2,0,30,3
483,38,1,2,0,3,4,3,2,3,1,120,3
484,45,1,3,1,1,1,2,2,2,0,18,2
485,61,1,3,0,1,5,1,0,0,0,5,1
486,25,0,1,0,3,6,3,3,3,1,90,3
487,54,1,2,1,2,5,3,0,3,0,35,3
488,90,1,3,0,4,2,2,1,1,1,6,1
489,41,1,3,0,5,3,3,1,2,0,30,3
490,97,0,1,1,3,4,3,2,3,1,120,3
491,95,1,2,0,1,1,2,2,2,0,18,2
492,83,1,3,0,1,5,1,0,0,0,5,1
493,95,1,3,1,3,6,3,3,3,1,90,3
494,19,0,1,0,2,5,3,0,3,0,35,3
495,5,1,2,0,4,2,2,1,1,1,6,1
496,18,1,3,1,5,3,3,1,2,0,30,3
497,43,1,3,0,3,4,3,2,3,1,120,3
498,90,0,1,0,1,1,2,2,2,0,18,2
499,39,1,2,1,1,5,1,0,0,0,5,1
500,26,1,3,0,3,6,3,3,3,1,90,3
501,23,1,3,0,2,5,3,0,3,0,35,3
502,66,0,1,1,4,2,2,1,1,1,6,1
503,45,1,2,0,5,3,3,1,2,0,30,3
504,5,1,3,0,3,4,3,2,3,1,120,3
505,50,1,3,1,1,1,2,2,2,0,18,2
506,96,0,1,0,1,5,1,0,0,0,5,1
507,80,1,2,0,3,6,3,3,3,1,90,3
508,30,1,3,1,2,5,3,0,3,0,35,3
509,31,1,3,0,4,2,2,1,1,1,6,1
510,59,0,1,0,5,3,3,1,2,0,30,3
511,0,1,2,1,3,4,3,2,3,1,120,3
512,89,1,3,0,1,1,2,2,2,0,18,2
513,35,1,3,0,1,5,1,0,0,0,5,1
514,61,0,1,1,3,6,3,3,3,1,90,3
515,35,1,2,0,2,5,3,0,3,0,35,3
516,97,1,3,0,4,2,2,1,1,1,6,1
517,75,1,3,1,5,3,3,1,2,0,30,3
518,29,0,1,0,3,4,3,2,3,1,120,3
519,43,1,2,0,1,1,2,2,2,0,18,2
520,26,1,3,1,1,5,1,0,0,0,5,1
521,75,1,3,0,3,6,3,3,3,1,90,3
522,17,0,1,0,2,5,3,0,3,0,35,3
523,97,1,2,1,4,2,2,1,1,1,6,1
524,82,1,3,0,5,3,3,1,2,0,30,3
525,48,1,3,0,3,4,3,2,3,1,120,3
526,68,0,1,1,1,1,2,2,2,0,18,2
527,82,1,2,0,1,5,1,0,0,0,5,1
528,84,1,3,0,3,6,3,3,3,1,90,3
529,77,1,3,1,2,5,3,0,3,0,35,3
530,30,0,1,0,4,2,2,1,1,1,6,1
531,99,1,2,0,5,3,3,1,2,0,30,3
532,41,1,3,1,3,4,3,2,3,1,120,3
533,94,1,3,0,1,1,2,2,2,0,18,2
534,94,0,1,0,1,5,1,0,0,0,5,1
535,43,1,2,1,3,6,3,3,3,1,90,3
536,23,1,3,0,2,5,3,0,3,0,35,3
537,53,1,3,0,4,2,2,1,1,1,6,1
538,41,0,1,1,5,3,3,1,2,0,30,3
539,25,1,2,0,3,4,3,2,3,1,120,3
540,10,1,3,0,1,1,2,2,2,0,18,2
541,24,1,3,1,1,5,1,0,0,0,5,1
542,95,0,1,0,3,6,3,3,3,1,90,3
543,94,1,2,0,2,5,3,0,3,0,35,3
544,53,1,3,1,4,2,2,1,1,1,6,1
545,88,1,3,0,5,3,3,1,2,0,30,3
546,78,0,1,0,3,4,3,2,3,1,120,3
547,20,1,2,1,1,1,2,2,2,0,18,2
548,30,1,3,0,1,5,1,0,0,0,5,1
549,99,1,3,0,3,6,3,3,3,1,90,3
550,14,0,1,1,2,5,3,0,3,0,35,3
551,90,1,2,0,4,2,2,1,1,1,6,1
552,95,1,3,0,5,3,3,1,2,0,30,3
553,11,1,3,1,3,4,3,2,3,1,120,3
554,86,0,1,0,1,1,2,2,2,0,18,2
555,92,1,2,0,1,5,1,0,0,0,5,1
556,18,1,3,1,3,6,3,3,3,1,90,3
557,74,1,3,0,2,5,3,0,3,0,35,3
558,59,0,1,0,4,2,2,1,1,1,6,1
559,35,1,2,1,5,3,3,1,2,0,30,3
560,69,1,3,0,3,4,3,2,3,1,120,3
561,40,1,3,0,1,1,2,2,2,0,18,2
562,94,0,1,1,1,5,1,0,0,0,5,1
563,18,1,2,0,3,6,3,3,3,1,90,3
564,75,1,3,0,2,5,3,0,3,0,35,3
565,16,1,3,1,4,2,2,1,1,1,6,1
566,47,0,1,0,5,3,3,1,2,0,30,3
567,94,1,2,0,3,4,3,2,3,1,120,3
568,94,1,3,1,1,1,2,2,2,0,18,2
569,66,1,3,0,1,5,1,0,0,0,5,1
570,18,0,1,0,3,6,3,3,3,1,90,3
571,94,1,2,1,2,5,3,0,3,0,35,3
572,68,1,3,0,4,2,2,1,1,1,6,1
573,55,1,3,0,5,3,3,1,2,0,30,3
574,16,0,1,1,3,4,3,2,3,1,120,3
575,92,1,2,0,1,1,2,2,2,0,18,2
576,76,1,3,0,1,5,1,0,0,0,5,1
577,6,1,3,1,3,6,3,3,3,1,90,3
578,71,0,1,0,2,5,3,0,3,0,35,3
579,89,1,2,0,4,2,2,1,1,1,6,1
580,29,1,3,1,5,3,3,1,2,0,30,3
581,22,1,3,0,3,4,3,2,3,1,120,3
582,62,0,1,0,1,1,2,2,2,0,18,2
583,93,1,2,1,1,5,1,0,0,0,5,1
584,10,1,3,0,3,6,3,3,3,1,90,3
585,29,1,3,0,2,5,3,0,3,0,35,3
586,33,0,1,1,4,2,2,1,1,1,6,1
587,88,1,2,0,5,3,3,1,2,0,30,3
588,72,1,3,0,3,4,3,2,3,1,120,3
589,77,1,3,1,1,1,2,2,2,0,18,2
590,0,0,1,0,1,5,1,0,0,0,5,1
591,44,1,2,0,3,6,3,3,3,1,90,3
592,28,1,3,1,2,5,3,0,3,0,35,3
593,38,1,3,0,4,2,2,1,1,1,6,1
594,90,0,1,0,5,3,3,1,2,0,30,3
595,43,1,2,1,3,4,3,2,3,1,120,3
596,92,1,3,0,1,1,2,2,2,0,18,2
597,40,1,3,0,1,5,1,0,0,0,5,1
598,35,0,1,1,3,6,3,3,3,1,90,3
599,16,1,2,0,2,5,3,0,3,0,35,3
600,68,1,3,0,4,2,2,1,1,1,6,1
601,66,1,3,1,5,3,3,1,2,0,30,3
602,58,0,1,0,3,4,3,2,3,1,120,3
603,74,1,2,0,1,1,2,2,2,0,18,2
604,21,1,3,1,1,5,1,0,0,0,5,1
605,80,1,3,0,3,6,3,3,3,1,90,3
606,1,0,1,0,2,5,3,0,3,0,35,3
607,96,1,2,1,4,2,2,1,1,1,6,1
608,55,1,3,0,5,3,3,1,2,0,30,3
609,18,1,3,0,3,4,3,2,3,1,120,3
610,44,0,1,1,1,1,2,2,2,0,18,2
611,64,1,2,0,1,5,1,0,0,0,5,1
612,58,1,3,0,3,6,3,3,3,1,90,3
613,16,1,3,1,2,5,3,0,3,0,35,3
614,12,0,1,0,4,2,2,1,1,1,6,1
615,93,1,2,0,5,3,3,1,2,0,30,3
616,91,1,3,1,3,4,3,2,3,1,120,3
617,58,1,3,0,1,1,2,2,2,0,18,2
618,16,0,1,0,1,5,1,0,0,0,5,1
619,58,1,2,1,3,6,3,3,3,1,90,3
620,74,1,3,0,2,5,3,0,3,0,35,3
621,35,1,3,0,4,2,2,1,1,1,6,1
622,19,0,1,1,5,3,3,1,2,0,30,3
623,78,1,2,0,3,4,3,2,3,1,120,3
624,32,1,3,0,1,1,2,2,2,0,18,2
625,41,1,3,1,1,5,1,0,0,0,5,1
626,68,0,1,0,3,6,3,3,3,1,90,3
627,67,1,2,0,2,5,3,0,3,0,35,3
628,77,1,3,1,4,2,2,1,1,1,6,1
629,46,1,3,0,5,3,3,1,2,0,30,3
630,76,0,1,0,3,4,3,2,3,1,120,3
631,59,1,2,1,1,1,2,2,2,0,18,2
632,72,1,3,0,1,5,1,0,0,0,5,1
633,18,1,3,0,3,6,3,3,3,1,90,3
634,22,0,1,1,2,5,3,0,3,0,35,3
635,13,1,2,0,4,2,2,1,1,1,6,1
636,87,1,3,0,5,3,3,1,2,0,30,3
637,2,1,3,1,3,4,3,2,3,1,120,3
638,55,0,1,0,1,1,2,2,2,0,18,2
639,67,1,2,0,1,5,1,0,0,0,5,1
640,74,1,3,1,3,6,3,3,3,1,90,3
641,79,1,3,0,2,5,3,0,3,0,35,3
642,99,0,1,0,4,2,2,1,1,1,6,1
643,85,1,2,1,5,3,3,1,2,0,30,3
644,51,1,3,0,3,4,3,2,3,1,120,3
645,85,1,3,0,1,1,2,2,2,0,18,2
646,67,0,1,1,1,5,1,0,0,0,5,1
647,6,1,2,0,3,6,3,3,3,1,90,3
648,13,1,3,0,2,5,3,0,3,0,35,3
649,8,1,3,1,4,2,2,1,1,1,6,1
650,34,0,1,0,5,3,3,1,2,0,30,3
651,97,1,2,0,3,4,3,2,3,1,120,3
652,5,1,3,1,1,1,2,2,2,0,18,2
653,9,1,3,0,1,5,1,0,0,0,5,1
654,78,0,1,0,3,6,3,3,3,1,90,3
655,85,1,2,1,2,5,3,0,3,0,35,3
656,23,1,3,0,4,2,2,1,1,1,6,1
657,66,1,3,0,5,3,3,1,2,0,30,3
658,40,0,1,1,3,4,3,2,3,1,120,3
659,39,1,2,0,1,1,2,2,2,0,18,2
660,45,1,3,0,1,5,1,0,0,0,5,1
661,5,1,3,1,3,6,3,3,3,1,90,3
662,17,0,1,0,2,5,3,0,3,0,35,3
663,40,1,2,0,4,2,2,1,1,1,6,1
664,72,1,3,1,5,3,3,1,2,0,30,3
665,15,1,3,0,3,4,3,2,3,1,120,3
666,32,0,1,0,1,1,2,2,2,0,18,2
667,93,1,2,1,1,5,1,0,0,0,5,1
668,91,1,3,0,3,6,3,3,3,1,90,3
669,95,1,3,0,2,5,3,0,3,0,35,3
670,32,0,1,1,4,2,2,1,1,1,6,1
671,16,1,2,0,5,3,3,1,2,0,30,3
672,77,1,3,0,3,4,3,2,3,1,120,3
673,69,1,3,1,1,1,2,2,2,0,18,2
674,66,0,1,0,1,5,1,0,0,0,5,1
675,43,1,2,0,3,6,3,3,3,1,90,3
676,36,1,3,1,2,5,3,0,3,0,35,3
677,41,1,3,0,4,2,2,1,1,1,6,1
678,32,0,1,0,5,3,3,1,2,0,30,3
679,70,1,2,1,3,4,3,2,3,1,120,3
680,78,1,3,0,1,1,2,2,2,0,18,2
681,23,1,3,0,1,5,1,0,0,0,5,1
682,65,0,1,1,3,6,3,3,3,1,90,3
683,96,1,2,0,2,5,3,0,3,0,35,3
684,21,1,3,0,4,2,2,1,1,1,6,1
685,70,1,3,1,5,3,3,1,2,0,30,3
686,16,0,1,0,3,4,3,2,3,1,120,3
687,97,1,2,0,1,1,2,2,2,0,18,2
688,97,1,3,1,1,5,1,0,0,0,5,1
689,86,1,3,0,3,6,3,3,3,1,90,3
690,21,0,1,0,2,5,3,0,3,0,35,3
691,100,1,2,1,4,2,2,1,1,1,6,1
692,74,1,3,0,5,3,3,1,2,0,30,3
693,72,1,3,0,3,4,3,2,3,1,120,3
694,87,0,1,1,1,1,2,2,2,0,18,2
695,12,1,2,0,1,5,1,0,0,0,5,1
696,57,1,3,0,3,6,3,3,3,1,90,3
697,45,1,3,1,2,5,3,0,3,0,35,3
698,14,0,1,0,4,2,2,1,1,1,6,1
699,19,1,2,0,5,3,3,1,2,0,30,3
700,11,1,3,1,3,4,3,2,3,1,120,3
701,42,1,3,0,1,1,2,2,2,0,18,2
702,98,0,1,0,1,5,1,0,0,0,5,1
703,30,1,2,1,3,6,3,3,3,1,90,3
704,61,1,3,0,2,5,3,0,3,0,35,3
705,15,1,3,0,4,2,2,1,1,1,6,1
706,64,0,1,1,5,3,3,1,2,0,30,3
707,21,1,2,0,3,4,3,2,3,1,120,3
708,82,1,3,0,1,1,2,2,2,0,18,2
709,6,1,3,1,1,5,1,0,0,0,5,1
710,74,0,1,0,3,6,3,3,3,1,90,3
711,24,1,2,0,2,5,3,0,3,0,35,3
712,19,1,3,1,4,2,2,1,1,1,6,1
713,56,1,3,0,5,3,3,1,2,0,30,3
714,28,0,1,0,3,4,3,2,3,1,120,3
715,53,1,2,1,1,1,2,2,2,0,18,2
716,12,1,3,0,1,5,1,0,0,0,5,1
717,57,1,3,0,3,6,3,3,3,1,90,3
718,14,0,1,1,2,5,3,0,3,0,35,3
719,65,1,2,0,4,2,2,1,1,1,6,1
720,3,1,3,0,5,3,3,1,2,0,30,3
721,66,1,3,1,3,4,3,2,3,1,120,3
722,3,0,1,0,1,1,2,2,2,0,18,2
723,43,1,2,0,1,5,1,0,0,0,5,1
724,66,1,3,1,3,6,3,3,3,1,90,3
725,91,1,3,0,2,5,3,0,3,0,35,3
726,62,0,1,0,4,2,2,1,1,1,6,1
727,52,1,2,1,5,3,3,1,2,0,30,3
728,58,1,3,0,3,4,3,2,3,1,120,3
729,80,1,3,0,1,1,2,2,2,0,18,2
730,78,0,1,1,1,5,1,0,0,0,5,1
731,38,1,2,0,3,6,3,3,3,1,90,3
732,40,1,3,0,2,5,3,0,3,0,35,3
733,8,1,3,1,4,2,2,1,1,1,6,1
734,98,0,1,0,5,3,3,1,2,0,30,3
735,11,1,2,0,3,4,3,2,3,1,120,3
736,89,1,3,1,1,1,2,2,2,0,18,2
737,35,1,3,0,1,5,1,0,0,0,5,1
738,79,0,1,0,3,6,3,3,3,1,90,3
739,69,1,2,1,2,5,3,0,3,0,35,3
740,68,1,3,0,4,2,2,1,1,1,6,1
741,33,1,3,0,5,3,3,1,2,0,30,3
742,6,0,1,1,3,4,3,2,3,1,120,3
743,11,1,2,0,1,1,2,2,2,0,18,2
744,20,1,3,0,1,5,1,0,0,0,5,1
745,78,1,3,1,3,6,3,3,3,1,90,3
746,76,0,1,0,2,5,3,0,3,0,35,3
747,98,1,2,0,4,2,2,1,1,1,6,1
748,73,1,3,1,5,3,3,1,2,0,30,3
749,60,1,3,0,3,4,3,2,3,1,120,3
750,89,0,1,0,1,1,2,2,2,0,18,2
751,13,1,2,1,1,5,1,0,0,0,5,1
752,81,1,3,0,3,6,3,3,3,1,90,3
753,22,1,3,0,2,5,3,0,3,0,35,3
754,44,0,1,1,4,2,2,1,1,1,6,1
755,1,1,2,0,5,3,3,1,2,0,30,3
756,26,1,3,0,3,4,3,2,3,1,120,3
757,37,1,3,1,1,1,2,2,2,0,18,2
758,68,0,1,0,1,5,1,0,0,0,5,1
759,74,1,2,0,3,6,3,3,3,1,90,3
760,78,1,3,1,2,5,3,0,3,0,35,3
761,93,1,3,0,4,2,2,1,1,1,6,1
762,20,0,1,0,5,3,3,1,2,0,30,3
763,79,1,2,1,3,4,3,2,3,1,120,3
764,77,1,3,0,1,1,2,2,2,0,18,2
765,35,1,3,0,1,5,1,0,0,0,5,1
766,73,0,1,1,3,6,3,3,3,1,90,3
767,53,1,2,0,2,5,3,0,3,0,35,3
768,40,1,3,0,4,2,2,1,1,1,6,1
769,13,1,3,1,5,3,3,1,2,0,30,3
770,75,0,1,0,3,4,3,2,3,1,120,3
771,4,1,2,0,1,1,2,2,2,0,18,2
772,79,1,3,1,1,5,1,0,0,0,5,1
773,59,1,3,0,3,6,3,3,3,1,90,3
774,97,0,1,0,2,5,3,0,3,0,35,3
775,1,1,2,1,4,2,2,1,1,1,6,1
776,69,1,3,0,5,3,3,1,2,0,30,3
777,100,1,3,0,3,4,3,2,3,1,120,3
778,3,0,1,1,1,1,2,2,2,0,18,2
779,52,1,2,0,1,5,1,0,0,0,5,1
780,10,1,3,0,3,6,3,3,3,1,90,3
781,23,1,3,1,2,5,3,0,3,0,35,3
782,7,0,1,0,4,2,2,1,1,1,6,1
783,25,1,2,0,5,3,3,1,2,0,30,3
784,15,1,3,1,3,4,3,2,3,1,120,3
785,4,1,3,0,1,1,2,2,2,0,18,2
786,95,0,1,0,1,5,1,0,0,0,5,1
787,57,1,2,1,3,6,3,3,3,1,90,3
788,75,1,3,0,2,5,3,0,3,0,35,3
789,78,1,3,0,4,2,2,1,1,1,6,1
790,4,0,1,1,5,3,3,1,2,0,30,3
791,68,1,2,0,3,4,3,2,3,1,120,3
792,55,1,3,0,1,1,2,2,2,0,18,2
793,99,1,3,1,1,5,1,0,0,0,5,1
794,45,0,1,0,3,6,3,3,3,1,90,3
795,22,1,2,0,2,5,3,0,3,0,35,3
796,42,1,3,1,4,2,2,1,1,1,6,1
797,54,1,3,0,5,3,3,1,2,0,30,3
798,77,0,1,0,3,4,3,2,3,1,120,3
799,32,1,2,1,1,1,2,2,2,0,18,2
800,71,1,3,0,1,5,1,0,0,0,5,1
801,93,1,3,0,3,6,3,3,3,1,90,3
802,24,0,1,1,2,5,3,0,3,0,35,3
803,36,1,2,0,4,2,2,1,1,1,6,1
804,29,1,3,0,5,3,3,1,2,0,30,3
805,80,1,3,1,3,4,3,2,3,1,120,3
806,10,0,1,0,1,1,2,2,2,0,18,2
807,45,1,2,0,1,5,1,0,0,0,5,1
808,29,1,3,1,3,6,3,3,3,1,90,3
809,29,1,3,0,2,5,3,0,3,0,35,3
810,89,0,1,0,4,2,2,1,1,1,6,1
811,2,1,2,1,5,3,3,1,2,0,30,3
812,65,1,3,0,3,4,3,2,3,1,120,3
813,80,1,3,0,1,1,2,2,2,0,18,2
814,28,0,1,1,1,5,1,0,0,0,5,1
815,52,1,2,0,3,6,3,3,3,1,90,3
816,9,1,3,0,2,5,3,0,3,0,35,3
817,6,1,3,1,4,2,2,1,1,1,6,1
818,38,0,1,0,5,3,3,1,2,0,30,3
819,82,1,2,0,3,4,3,2,3,1,120,3
820,83,1,3,1,1,1,2,2,2,0,18,2
821,63,1,3,0,1,5,1,0,0,0,5,1
822,86,0,1,0,3,6,3,3,3,1,90,3
823,66,1,2,1,2,5,3,0,3,0,35,3
824,52,1,3,0,4,2,2,1,1,1,6,1
825,19,1,3,0,5,3,3,1,2,0,30,3
826,22,0,1,1,3,4,3,2,3,1,120,3
827,90,1,2,0,1,1,2,2,2,0,18,2
828,15,1,3,0,1,5,1,0,0,0,5,1
829,37,1,3,1,3,6,3,3,3,1,90,3
830,39,0,1,0,2,5,3,0,3,0,35,3
831,30,1,2,0,4,2,2,1,1,1,6,1
832,14,1,3,1,5,3,3,1,2,0,30,3
833,3,1,3,0,3,4,3,2,3,1,120,3
834,62,0,1,0,1,1,2,2,2,0,18,2
835,9,1,2,1,1,5,1,0,0,0,5,1
836,9,1,3,0,3,6,3,3,3,1,90,3
837,49,1,3,0,2,5,3,0,3,0,35,3
838,59,0,1,1,4,2,2,1,1,1,6,1
839,53,1,2,0,5,3,3,1,2,0,30,3
840,39,1,3,0,3,4,3,2,3,1,120,3
841,50,1,3,1,1,1,2,2,2,0,18,2
842,58,0,1,0,1,5,1,0,0,0,5,1
843,11,1,2,0,3,6,3,3,3,1,90,3
844,74,1,3,1,2,5,3,0,3,0,35,3
845,7,1,3,0,4,2,2,1,1,1,6,1
846,70,0,1,0,5,3,3,1,2,0,30,3
847,41,1,2,1,3,4,3,2,3,1,120,3
848,1,1,3,0,1,1,2,2,2,0,18,2
849,4,1,3,0,1,5,1,0,0,0,5,1
850,61,0,1,1,3,6,3,3,3,1,90,3
851,91,1,2,0,2,5,3,0,3,0,35,3
852,26,1,3,0,4,2,2,1,1,1,6,1
853,31,1,3,1,5,3,3,1,2,0,30,3
854,22,0,1,0,3,4,3,2,3,1,120,3
855,30,1,2,0,1,1,2,2,2,0,18,2
856,67,1,3,1,1,5,1,0,0,0,5,1
857,72,1,3,0,3,6,3,3,3,1,90,3
858,53,0,1,0,2,5,3,0,3,0,35,3
859,66,1,2,1,4,2,2,1,1,1,6,1
860,1,1,3,0,5,3,3,1,2,0,30,3
861,61,1,3,0,3,4,3,2,3,1,120,3
862,41,0,1,1,1,1,2,2,2,0,18,2
863,77,1,2,0,1,5,1,0,0,0,5,1
864,92,1,3,0,3,6,3,3,3,1,90,3
865,4,1,3,1,2,5,3,0,3,0,35,3
866,74,0,1,0,4,2,2,1,1,1,6,1
867,83,1,2,0,5,3,3,1,2,0,30,3
868,52,1,3,1,3,4,3,2,3,1,120,3
869,5,1,3,0,1,1,2,2,2,0,18,2
870,98,0,1,0,1,5,1,0,0,0,5,1
871,92,1,2,1,3,6,3,3,3,1,90,3
872,39,1,3,0,2,5,3,0,3,0,35,3
873,21,1,3,0,4,2,2,1,1,1,6,1
874,69,0,1,1,5,3,3,1,2,0,30,3
875,43,1,2,0,3,4,3,2,3,1,120,3
876,36,1,3,0,1,1,2,2,2,0,18,2
877,5,1,3,1,1,5,1,0,0,0,5,1
878,1,0,1,0,3,6,3,3,3,1,90,3
879,100,1,2,0,2,5,3,0,3,0,35,3
880,86,1,3,1,4,2,2,1,1,1,6,1
881,9,1,3,0,5,3,3,1,2,0,30,3
882,47,0,1,0,3,4,3,2,3,1,120,3
883,34,1,2,1,1,1,2,2,2,0,18,2
884,71,1,3,0,1,5,1,0,0,0,5,1
885,55,1,3,0,3,6,3,3,3,1,90,3
886,12,0,1,1,2,5,3,0,3,0,35,3
887,65,1,2,0,4,2,2,1,1,1,6,1
888,68,1,3,0,5,3,3,1,2,0,30,3
889,91,1,3,1,3,4,3,2,3,1,120,3
890,81,0,1,0,1,1,2,2,2,0,18,2
891,35,1,2,0,1,5,1,0,0,0,5,1
892,23,1,3,1,3,6,3,3,3,1,90,3
893,3,1,3,0,2,5,3,0,3,0,35,3
894,18,0,1,0,4,2,2,1,1,1,6,1
895,26,1,2,1,5,3,3,1,2,0,30,3
896,62,1,3,0,3,4,3,2,3,1,120,3
897,57,1,3,0,1,1,2,2,2,0,18,2
898,99,0,1,1,1,5,1,0,0,0,5,1
899,27,1,2,0,3,6,3,3,3,1,90,3
900,35,1,3,0,2,5,3,0,3,0,35,3
901,19,1,3,1,4,2,2,1,1,1,6,1
902,26,0,1,0,5,3,3,1,2,0,30,3
903,16,1,2,0,3,4,3,2,3,1,120,3
904,17,1,3,1,1,1,2,2,2,0,18,2
905,9,1,3,0,1,5,1,0,0,0,5,1
906,29,0,1,0,3,6,3,3,3,1,90,3
907,21,1,2,1,2,5,3,0,3,0,35,3
908,21,1,3,0,4,2,2,1,1,1,6,1
909,7,1,3,0,5,3,3,1,2,0,30,3
910,58,0,1,1,3,4,3,2,3,1,120,3
911,74,1,2,0,1,1,2,2,2,0,18,2
912,76,1,3,0,1,5,1,0,0,0,5,1
913,57,1,3,1,3,6,3,3,3,1,90,3
914,98,0,1,0,2,5,3,0,3,0,35,3
915,6,1,2,0,4,2,2,1,1,1,6,1
916,84,1,3,1,5,3,3,1,2,0,30,3
917,100,1,3,0,3,4,3,2,3,1,120,3
918,67,0,1,0,1,1,2,2,2,0,18,2
919,61,1,2,1,1,5,1,0,0,0,5,1
920,58,1,3,0,3,6,3,3,3,1,90,3
921,64,1,3,0,2,5,3,0,3,0,35,3
922,12,0,1,1,4,2,2,1,1,1,6,1
923,53,1,2,0,5,3,3,1,2,0,30,3
924,31,1,3,0,3,4,3,2,3,1,120,3
925,59,1,3,1,1,1,2,2,2,0,18,2
926,91,0,1,0,1,5,1,0,0,0,5,1
927,44,1,2,0,3,6,3,3,3,1,90,3
928,86,1,3,1,2,5,3,0,3,0,35,3
929,23,1,3,0,4,2,2,1,1,1,6,1
930,64,0,1,0,5,3,3,1,2,0,30,3
931,43,1,2,1,3,4,3,2,3,1,120,3
932,98,1,3,0,1,1,2,2,2,0,18,2
933,70,1,3,0,1,5,1,0,0,0,5,1
934,26,0,1,1,3,6,3,3,3,1,90,3
935,17,1,2,0,2,5,3,0,3,0,35,3
936,86,1,3,0,4,2,2,1,1,1,6,1
937,38,1,3,1,5,3,3,1,2,0,30,3
938,32,0,1,0,3,4,3,2,3,1,120,3
939,7,1,2,0,1,1,2,2,2,0,18,2
940,99,1,3,1,1,5,1,0,0,0,5,1
941,8,1,3,0,3,6,3,3,3,1,90,3
942,84,0,1,0,2,5,3,0,3,0,35,3
943,58,1,2,1,4,2,2,1,1,1,6,1
944,79,1,3,0,5,3,3,1,2,0,30,3
945,16,1,3,0,3,4,3,2,3,1,120,3
946,79,0,1,1,1,1,2,2,2,0,18,2
947,81,1,2,0,1,5,1,0,0,0,5,1
948,65,1,3,0,3,6,3,3,3,1,90,3
949,10,1,3,1,2,5,3,0,3,0,35,3
950,56,0,1,0,4,2,2,1,1,1,6,1
951,54,1,2,0,5,3,3,1,2,0,30,3
952,58,1,3,1,3,4,3,2,3,1,120,3
953,96,1,3,0,1,1,2,2,2,0,18,2
954,68,0,1,0,1,5,1,0,0,0,5,1
955,37,1,2,1,3,6,3,3,3,1,90,3
956,48,1,3,0,2,5,3,0,3,0,35,3
957,88,1,3,0,4,2,2,1,1,1,6,1
958,19,0,1,1,5,3,3,1,2,0,30,3
959,35,1,2,0,3,4,3,2,3,1,120,3
960,21,1,3,0,1,1,2,2,2,0,18,2
961,85,1,3,1,1,5,1,0,0,0,5,1
962,37,0,1,0,3,6,3,3,3,1,90,3
963,19,1,2,0,2,5,3,0,3,0,35,3
964,89,1,3,1,4,2,2,1,1,1,6,1
965,47,1,3,0,5,3,3,1,2,0,30,3
966,26,0,1,0,3,4,3,2,3,1,120,3
967,98,1,2,1,1,1,2,2,2,0,18,2
968,81,1,3,0,1,5,1,0,0,0,5,1
969,71,1,3,0,3,6,3,3,3,1,90,3
970,19,0,1,1,2,5,3,0,3,0,35,3
971,2,1,2,0,4,2,2,1,1,1,6,1
972,85,1,3,0,5,3,3,1,2,0,30,3
973,21,1,3,1,3,4,3,2,3,1,120,3
974,98,0,1,0,1,1,2,2,2,0,18,2
975,27,1,2,0,1,5,1,0,0,0,5,1
976,5,1,3,1,3,6,3,3,3,1,90,3
977,21,1,3,0,2,5,3,0,3,0,35,3
978,86,0,1,0,4,2,2,1,1,1,6,1
979,76,1,2,1,5,3,3,1,2,0,30,3
980,5,1,3,0,3,4,3,2,3,1,120,3
981,25,1,3,0,1,1,2,2,2,0,18,2
982,86,0,1,1,1,5,1,0,0,0,5,1
983,19,1,2,0,3,6,3,3,3,1,90,3
984,24,1,3,0,2,5,3,0,3,0,35,3
985,7,1,3,1,4,2,2,1,1,1,6,1
986,59,0,1,0,5,3,3,1,2,0,30,3
987,84,1,2,0,3,4,3,2,3,1,120,3
988,31,1,3,1,1,1,2,2,2,0,18,2
989,79,1,3,0,1,5,1,0,0,0,5,1
990,78,0,1,0,3,6,3,3,3,1,90,3
991,84,1,2,1,2,5,3,0,3,0,35,3
992,36,1,3,0,4,2,2,1,1,1,6,1
993,96,1,3,0,5,3,3,1,2,0,30,3
994,15,0,1,1,3,4,3,2,3,1,120,3
995,95,1,2,0,3,6,3,3,3,1,90,3
996,38,1,3,0,2,5,3,0,3,0,35,3
997,74,1,3,1,4,2,2,1,1,1,6,1
998,82,0,1,0,5,3,3,1,2,0,30,3
999,81,1,2,1,3,4,3,2,3,1,120,3
1000,81,1,2,1,3,4,3,2,3,1,120,3